bill_id,people_id,position
906212,14529,1
906246,14529,1
906279,14529,1
906576,14529,1
906613,14529,1
906869,14529,1
907458,17083,1
907490,17083,1
907526,17083,1
907561,14537,1
907589,17083,1
907655,17083,1
907744,17083,1
907778,17083,1
907880,17083,1
907915,17065,1
907948,17083,1
907980,17083,1
908019,17083,1
908053,17083,1
908086,17083,1
908115,18000,1
909167,11464,1
909285,11464,1
909405,11464,1
909523,14519,1
909643,11464,1
909755,11464,1
909765,17097,1
909793,14527,1
909825,14527,1
909857,14527,1
909889,14527,1
909921,14527,1
909955,18000,1
909987,14521,1
910020,18744,1
910056,17062,1
910087,17062,1
910122,14521,1
910156,14527,1
910191,17062,1
910226,16057,1
910257,14521,1
910289,17097,1
910325,14527,1
910389,18742,1
910421,14527,1
910456,14521,1
910490,18746,1
910524,17066,1
910557,18746,1
916636,2790,1
917005,2862,1
917096,14527,1
917105,2957,1
917118,17925,1
917132,14526,1
917141,14535,1
917155,2864,1
917171,17015,1
917183,2957,1
917195,11465,1
917206,17080,1
917219,10833,1
917232,10853,1
917244,11458,1
917257,2809,1
917273,19008,1
917286,2884,1
917297,10849,1
917310,13925,1
917324,2809,1
917334,2862,1
917352,2864,1
917365,2957,1
917372,14527,1
917388,17080,1
917403,10833,1
917416,17096,1
917425,2864,1
917438,2859,1
917456,11468,1
917468,14527,1
917479,2957,1
917491,2851,1
917502,18000,1
917514,10849,1
917532,17080,1
917539,10853,1
917548,2794,1
917569,17015,1
917579,10642,1
917589,14527,1
917607,2864,1
917618,2855,1
917628,14527,1
917641,2864,1
917655,17083,1
917667,10642,1
917681,10851,1
917696,14535,1
917705,10833,1
917716,10833,1
917731,11468,1
917746,14527,1
917756,2864,1
917768,2957,1
917785,10848,1
917793,2957,1
917807,17083,1
917821,10851,1
917833,11468,1
917849,2874,1
917860,2957,1
917874,2811,1
917886,2866,1
917899,2809,1
917912,2855,1
917923,10853,1
917936,14526,1
917948,2857,1
917963,11458,1
917976,2957,1
917987,2857,1
917998,10833,1
918012,11166,1
918022,10849,1
918029,10642,1
928656,2957,1
928732,11166,1
928810,2855,1
928888,17213,1
928964,14523,1
929042,17213,1
929119,11166,1
929196,11468,1
929275,11465,1
929354,11468,1
929431,17213,1
929509,17213,1
929585,11468,1
929671,19119,1
929696,14524,1
929724,17015,1
929756,14524,1
929787,14524,1
929819,14524,1
929850,17069,1
929882,14533,1
929910,14524,1
929941,14524,1
929975,14524,1
930005,17093,1
930035,14524,1
930067,17093,1
930097,17093,1
930128,17093,1
930158,14524,1
930188,14524,1
930219,17015,1
931674,11468,1
931825,17071,1
931976,14523,1
932192,17093,1
932274,17093,1
932319,18740,1
932361,2884,1
932406,18749,1
932449,17925,1
932493,17082,1
932538,18749,1
932580,17093,1
932623,17064,1
932664,2866,1
933630,17093,1
933731,11468,1
933783,2957,1
933886,11469,1
933937,17064,1
933989,2957,1
934040,19137,1
934088,2957,1
934102,11469,1
934114,14527,1
934128,14522,1
934146,14532,1
934163,17090,1
934184,14532,1
934199,2811,1
934219,14539,1
934236,14527,1
934256,18753,1
934271,14532,1
934290,13925,1
934307,18753,1
934323,17086,1
934343,17083,1
934361,14539,1
934378,14539,1
934395,14532,1
934411,14533,1
934430,11469,1
934448,14527,1
934465,14537,1
934483,18768,1
934502,14536,1
934517,18751,1
934533,18753,1
938237,11464,1
938379,17385,1
938531,18765,1
938545,16057,1
938568,10848,1
938591,17080,1
938617,17064,1
938641,17385,1
938669,18761,1
938694,2855,1
938721,14540,1
938746,2950,1
938774,14524,1
938802,17078,1
938830,11166,1
938852,2884,1
938880,17063,1
938907,11468,1
938932,17091,1
938958,2884,1
938984,2790,1
939007,17091,1
939030,11468,1
939062,11468,1
939086,18751,1
939115,18742,1
939141,17063,1
939167,14517,1
939194,2950,1
939221,18743,1
939243,11459,1
939271,14526,1
939298,17077,1
939327,10853,1
939352,17087,1
939379,14523,1
939405,17078,1
939433,17093,1
939458,17091,1
939484,14517,1
939506,2866,1
940674,14535,1
940911,17088,1
941271,17093,1
941288,17066,1
941315,19119,1
941344,14527,1
941366,2851,1
941423,2859,1
941449,11458,1
941476,2794,1
941503,2851,1
941528,11468,1
941557,2794,1
941585,14526,1
941615,2790,1
941641,18738,1
941669,2865,1
941695,2794,1
941720,17066,1
941751,11461,1
941778,11468,1
941803,2794,1
941832,14526,1
941860,2794,1
941891,18745,1
942510,10853,1
943125,18748,1
943162,18767,1
943203,17065,1
943279,17078,1
943321,14518,1
943400,18747,1
943474,17092,1
943555,14527,1
943594,17066,1
943630,18740,1
943672,17015,1
943829,17083,1
943869,18753,1
943912,17078,1
943987,17015,1
944027,17076,1
944063,14522,1
944104,17385,1
944141,18739,1
944177,18755,1
944733,2865,1
944769,11166,1
944803,11461,1
944850,11458,1
944888,18002,1
944927,2865,1
945013,11464,1
947988,17065,1
948100,18746,1
948391,18745,1
948467,17069,1
948517,14540,1
948544,17064,1
948596,17071,1
948646,17925,1
948668,17093,1
948696,18741,1
948739,18755,1
948816,17095,1
948866,18000,1
948938,17078,1
949012,18745,1
950243,11461,1
950271,10642,1
950300,2857,1
950326,2851,1
950355,11459,1
950385,11468,1
950416,11461,1
950444,18764,1
950501,2957,1
950531,2865,1
950565,2821,1
950593,11461,1
950623,2794,1
950651,2866,1
950680,2809,1
950710,2865,1
950741,11460,1
950771,2866,1
950799,11460,1
950829,10849,1
950853,11461,1
950878,11468,1
951251,17087,1
951305,10853,1
951366,17090,1
951429,17082,1
951487,17063,1
951544,17924,1
951603,14527,1
951665,17095,1
951779,17213,1
951842,2864,1
951904,14527,1
951965,17924,1
952023,14526,1
952077,14527,1
953448,14531,1
953687,10853,1
953968,17069,1
953998,10848,1
954030,2811,1
954058,2864,1
954090,17097,1
954120,17094,1
954149,11458,1
954183,2811,1
954211,2866,1
954245,2834,1
954275,11464,1
954303,18751,1
954334,18746,1
954365,2851,1
954397,10851,1
954426,2859,1
954457,18751,1
954488,11458,1
954519,17074,1
954552,11466,1
954581,2957,1
954612,2859,1
954647,10848,1
954675,14526,1
954705,17014,1
954732,11461,1
954765,10851,1
954795,2874,1
954825,2857,1
954856,18738,1
954886,2950,1
954918,2950,1
954948,2859,1
954979,11466,1
955009,2957,1
955071,14522,1
955100,2864,1
955133,18751,1
955162,2859,1
955193,2855,1
955226,2866,1
955255,17095,1
955288,2857,1
955317,2857,1
955345,11466,1
957472,2864,1
960075,2957,1
960133,11166,1
960190,2957,1
960304,2821,1
960358,11469,1
960370,17086,1
960387,17066,1
960407,17087,1
960430,17064,1
960452,2864,1
960472,18738,1
960495,17385,1
960516,17067,1
960535,17385,1
960565,18753,1
960587,2851,1
960609,17066,1
960629,17067,1
960653,14535,1
960676,17087,1
960694,14525,1
962155,18749,1
962261,14525,1
962374,17079,1
962382,17014,1
962391,18754,1
962403,11468,1
962413,11461,1
962423,11461,1
962437,14533,1
962448,18741,1
962459,19137,1
962470,17083,1
962482,18741,1
962494,2851,1
962508,14523,1
962517,2957,1
962528,14537,1
962540,11465,1
962553,11465,1
962563,2866,1
962574,17083,1
962585,14523,1
962594,14527,1
962609,19008,1
962619,18739,1
962628,18748,1
962645,14538,1
962654,17080,1
962664,10853,1
962679,17083,1
962688,17061,1
962700,18752,1
962712,11465,1
962723,16057,1
962735,18748,1
962747,17083,1
962758,14523,1
962766,14527,1
962780,14537,1
962791,17014,1
962803,17083,1
962814,17063,1
962825,2957,1
962837,2866,1
962851,17086,1
962860,17074,1
962870,17096,1
962882,2864,1
962891,17925,1
963878,17310,1
964307,14539,1
964364,18750,1
964424,14539,1
964484,14539,1
964546,18765,1
964604,17066,1
964666,18000,1
968359,10848,1
968404,11166,1
968449,10848,1
968498,2811,1
968543,2855,1
968587,2874,1
968632,11166,1
968673,17063,1
969078,14527,1
969108,13925,1
969140,18746,1
969174,14527,1
969204,18746,1
969237,17096,1
969270,17064,1
969304,14527,1
969337,17064,1
969370,17064,1
969402,14519,1
969436,18752,1
969467,17087,1
969842,2855,1
969971,11465,1
970099,2874,1
970228,17077,1
970357,11461,1
971093,11464,1
971555,10833,1
972021,2864,1
972947,18745,1
972948,14532,1
972949,18770,1
972950,17097,1
972951,10853,1
972952,14523,1
972953,18770,1
972956,14522,1
972957,14523,1
972958,14523,1
972959,13924,1
972960,18770,1
972961,17065,1
973588,2794,1
973680,11469,1
973771,11465,1
973861,2855,1
973958,2855,1
974058,2821,1
974149,2855,1
974247,2859,1
974341,11468,1
974432,2866,1
974531,2855,1
974627,2866,1
974717,2790,1
974812,2855,1
974905,2855,1
974995,2866,1
977728,11467,1
977767,11461,1
977806,10849,1
977845,2811,1
977887,17213,1
977928,11467,1
977965,14521,1
978004,11467,1
978055,14522,1
978080,14527,1
978114,14527,1
978145,18753,1
978175,2811,1
978208,14527,1
978244,18743,1
978270,18744,1
978300,14527,1
978334,18753,1
979066,17310,1
979151,18747,1
979240,10642,1
979331,11459,1
979420,11464,1
979510,17083,1
979598,11464,1
979688,11468,1
979695,17096,1
979734,11469,1
979776,17083,1
979818,14525,1
979903,17073,1
979943,14524,1
979986,14524,1
980032,14538,1
980077,17087,1
980122,16057,1
980758,11166,1
980836,10849,1
980875,11466,1
980895,18744,1
980933,18742,1
981033,2821,1
981053,11465,1
981116,10833,1
981154,2821,1
981186,14527,1
981219,18751,1
981253,14535,1
981287,18754,1
981324,14536,1
981356,17091,1
981390,18759,1
981427,18752,1
981463,17078,1
981499,18746,1
981536,17093,1
981606,17082,1
981644,17064,1
981679,17062,1
984982,2859,1
985032,11460,1
985128,11468,1
985176,11467,1
985226,11466,1
985275,2859,1
985325,18737,1
985372,2865,1
985396,17069,1
985414,18751,1
985431,17082,1
985450,18767,1
985470,14519,1
985486,17924,1
985504,18767,1
985522,17069,1
985540,17015,1
985558,18753,1
985574,19137,1
985592,2865,1
985610,17064,1
985629,14523,1
985648,19119,1
985665,17088,1
985683,17069,1
985699,18769,1
985718,17067,1
985737,17069,1
985755,18747,1
985773,17088,1
985787,17095,1
986385,18755,1
986597,2957,1
986806,2859,1
987016,11468,1
987136,14533,1
987209,18741,1
987284,18759,1
987359,18740,1
987432,19137,1
987508,18754,1
987579,18741,1
987649,18753,1
988130,11468,1
988166,2957,1
988200,2957,1
988235,10853,1
988270,10853,1
988311,18749,1
988345,2957,1
988384,2865,1
988421,11468,1
988456,17093,1
988493,2957,1
988527,11166,1
988541,14527,1
988611,14527,1
988685,14527,1
988758,17088,1
988836,14522,1
988907,14527,1
988981,14518,1
991640,2862,1
991877,11469,1
991903,11469,1
991928,2851,1
991955,11166,1
991981,17213,1
992010,2794,1
992036,2866,1
992062,2855,1
992088,18753,1
992114,17090,1
992140,11468,1
992165,2866,1
992196,18746,1
992200,17090,1
992205,2864,1
992214,17923,1
992220,18753,1
992227,2957,1
992235,18752,1
992240,17074,1
992248,17924,1
992254,17308,1
992262,14517,1
992267,18746,1
992275,18752,1
992281,17077,1
992287,18749,1
992295,14540,1
992301,14539,1
992556,2866,1
992566,2957,1
992577,11468,1
992593,11468,1
992604,2865,1
992621,11468,1
992631,17078,1
992643,11461,1
992657,2957,1
992668,2874,1
992706,17083,1
992724,10849,1
992745,17083,1
992766,18769,1
992788,17083,1
992805,17063,1
992825,11467,1
992845,11467,1
992863,18762,1
992880,17076,1
993088,14526,1
993275,2865,1
993306,11468,1
993337,17064,1
993365,14539,1
993397,10851,1
993429,11469,1
993456,2851,1
993486,18758,1
993503,14525,1
993518,14518,1
993544,18765,1
993559,14527,1
993575,2957,1
993596,17096,1
993619,17069,1
993636,14523,1
993651,14527,1
993668,17087,1
993682,11468,1
995771,18002,1
995783,17213,1
995794,17065,1
995809,11466,1
995823,2809,1
995837,10849,1
995852,2859,1
995872,11466,1
995885,2866,1
995900,2874,1
995913,2859,1
995929,2874,1
995942,2859,1
995955,2859,1
995972,2859,1
995983,2957,1
996039,11466,1
996126,14527,1
996137,17073,1
996165,17072,1
996192,14527,1
996193,17083,1
996196,17064,1
996203,18749,1
996210,18746,1
996216,17094,1
996220,14539,1
996225,17064,1
996234,17014,1
996242,17073,1
996247,17064,1
996253,17086,1
996258,18768,1
996265,14536,1
996273,14527,1
996276,17076,1
996282,18746,1
996292,10853,1
996373,11460,1
996428,17015,1
996484,14522,1
996578,18740,1
996609,17074,1
996640,18755,1
996675,17066,1
996709,17084,1
996740,17087,1
996772,17074,1
996975,17061,1
996982,14521,1
996988,11468,1
996995,17097,1
997005,2811,1
997010,11468,1
997017,2790,1
997025,18742,1
997031,10851,1
997040,2811,1
997045,11465,1
997052,2957,1
997058,14539,1
997065,2957,1
997069,18763,1
997101,14536,1
997121,17083,1
997138,14535,1
997158,14535,1
997182,17310,1
997197,19119,1
997215,11459,1
997231,19119,1
997250,18740,1
997264,18767,1
997643,11461,1
997697,11461,1
997748,2851,1
999765,11468,1
999784,2874,1
999804,18768,1
999823,11460,1
999840,18761,1
999861,2957,1
999878,2864,1
999894,10848,1
999908,17078,1
999914,10853,1
999923,17015,1
999935,17073,1
999943,18757,1
999953,14522,1
999963,18751,1
999971,17096,1
999982,17083,1
999996,18751,1
1000006,14525,1
1000019,18750,1
1000029,2851,1
1000043,18751,1
1000050,18739,1
1000061,17093,1
1000073,17067,1
1000084,14526,1
1000092,17091,1
1000105,18759,1
1000112,10853,1
1000372,2957,1
1000409,2874,1
1000451,2950,1
1000493,11468,1
1000534,11469,1
1000575,2855,1
1000617,11469,1
1000916,14522,1
1000928,13925,1
1000939,17087,1
1000952,13925,1
1000961,17087,1
1001242,18002,1
1001246,17078,1
1001254,19008,1
1001260,11464,1
1001266,2851,1
1001274,11461,1
1001283,2851,1
1001291,2864,1
1001298,11458,1
1001307,2809,1
1001314,2851,1
1001322,17088,1
1001330,18753,1
1001343,2866,1
1001350,11458,1
1001355,11459,1
1001365,11458,1
1001375,17065,1
1001381,17065,1
1001389,18744,1
1001395,2851,1
1001406,17081,1
1001412,2957,1
1001420,11460,1
1001427,2851,1
1001446,17078,1
1001449,14518,1
1001453,14518,1
1001458,17080,1
1001463,14527,1
1001468,17076,1
1001472,19137,1
1001478,19206,1
1001483,17064,1
1001487,18748,1
1001498,17083,1
1001501,17083,1
1001506,14527,1
1001510,18766,1
1001518,14527,1
1001522,17925,1
1001529,17092,1
1001534,14524,1
1001537,17015,1
1001541,17094,1
1001554,17097,1
1001559,17096,1
1001562,14524,1
1001567,17078,1
1001573,14527,1
1001577,14524,1
1001581,17014,1
1001589,14535,1
1001594,14535,1
1001597,17385,1
1001608,18744,1
1001612,17925,1
1001617,14527,1
1001624,16057,1
1001628,17078,1
1001633,17090,1
1001637,14522,1
1001642,17092,1
1001646,18749,1
1006540,11465,1
1006552,2862,1
1006566,11465,1
1006581,17213,1
1006595,2957,1
1006613,2950,1
1006655,2866,1
1006696,2851,1
1006886,18763,1
1006892,17081,1
1006898,2855,1
1006904,17088,1
1006911,17069,1
1006920,17097,1
1006925,11461,1
1006931,14524,1
1006937,17073,1
1006950,17083,1
1006952,17924,1
1006954,17083,1
1006958,18743,1
1006959,17083,1
1006963,14522,1
1006965,18746,1
1006970,14535,1
1006973,17067,1
1006977,17083,1
1006978,17067,1
1006983,17092,1
1006985,14523,1
1006993,18758,1
1006996,18764,1
1006998,18758,1
1007002,17083,1
1007006,18758,1
1007008,14523,1
1007013,18746,1
1007015,17083,1
1007019,18742,1
1007023,17074,1
1007026,17924,1
1007028,14532,1
1007036,11468,1
1007152,10642,1
1007160,2957,1
1007170,18764,1
1007176,2957,1
1007188,11468,1
1007199,11458,1
1007205,11459,1
1007218,11467,1
1007228,11467,1
1007233,17067,1
1007241,10849,1
1007246,10642,1
1007258,14527,1
1007287,14527,1
1007317,14527,1
1007347,18751,1
1007382,18762,1
1007413,18750,1
1007785,2866,1
1007799,2865,1
1007926,11166,1
1008086,11459,1
1008091,11166,1
1008097,19008,1
1008105,2851,1
1008111,10851,1
1008118,2874,1
1008125,2851,1
1008131,11469,1
1008137,14524,1
1008145,2821,1
1008150,2790,1
1008158,17213,1
1008165,2851,1
1008172,2794,1
1008179,17213,1
1008185,14526,1
1008191,14535,1
1008199,11468,1
1008205,2855,1
1008218,2794,1
1008221,17075,1
1008227,11166,1
1008232,17075,1
1008240,17082,1
1008246,19008,1
1008251,18766,1
1008259,2794,1
1008268,17091,1
1008272,17088,1
1008280,17308,1
1008285,18757,1
1008290,17067,1
1008296,2866,1
1008303,17064,1
1008309,11459,1
1008315,18739,1
1008324,14517,1
1008330,14521,1
1008336,17076,1
1008343,17078,1
1008347,17092,1
1008354,17082,1
1008361,19137,1
1008367,17925,1
1008376,14517,1
1008382,14539,1
1008390,17096,1
1008396,18755,1
1008401,18749,1
1008408,14519,1
1008414,17923,1
1008610,17093,1
1008630,10848,1
1008653,17309,1
1008674,11460,1
1008699,11461,1
1008722,2957,1
1008752,18767,1
1008756,17014,1
1008764,18767,1
1008771,17083,1
1008777,17083,1
1008783,18748,1
1008794,14527,1
1008800,17925,1
1008806,11469,1
1008814,18767,1
1008822,17083,1
1009004,2864,1
1009009,10848,1
1009015,11458,1
1009023,11166,1
1009028,2864,1
1009035,2957,1
1009041,10848,1
1009053,11458,1
1009061,14522,1
1009066,10848,1
1009072,2864,1
1009081,2864,1
1009096,17924,1
1009100,14522,1
1009106,17925,1
1009116,17069,1
1009122,17069,1
1009132,14539,1
1009138,18744,1
1009144,19137,1
1009157,17093,1
1009163,18000,1
1009170,17925,1
1009177,14522,1
1009185,14519,1
1009193,18742,1
1009201,14524,1
1010016,2851,1
1010021,2851,1
1010024,18765,1
1010028,11460,1
1010032,18742,1
1010037,2864,1
1010039,2864,1
1010046,2957,1
1010051,2859,1
1010055,11459,1
1010059,11465,1
1010065,2864,1
1010070,18000,1
1010074,11465,1
1010081,14540,1
1010085,2957,1
1010091,11465,1
1010095,11465,1
1010100,2957,1
1010104,11166,1
1010265,2862,1
1010350,18751,1
1010351,14539,1
1010352,17088,1
1010353,17385,1
1010355,18767,1
1010356,19138,1
1010357,18753,1
1010358,14518,1
1010359,18761,1
1010361,18765,1
1010362,14529,1
1010363,14539,1
1010365,17065,1
1010366,18763,1
1010367,18753,1
1010368,18740,1
1010369,18764,1
1010370,19137,1
1010371,14539,1
1010373,17074,1
1010374,18740,1
1010375,19138,1
1010376,18746,1
1010377,17015,1
1010378,17015,1
1010384,17077,1
1010445,19138,1
1010506,17077,1
1010613,10848,1
1010625,2855,1
1010638,19008,1
1010650,2855,1
1010664,14527,1
1010677,18762,1
1010735,2865,1
1010745,18744,1
1010759,11461,1
1010771,2851,1
1010782,17083,1
1010795,2957,1
1010808,10833,1
1010819,17086,1
1010840,18748,1
1010852,18752,1
1010864,18751,1
1010875,18002,1
1010889,17095,1
1010899,18740,1
1010908,14524,1
1010919,18752,1
1010927,17078,1
1010937,14517,1
1010948,14535,1
1010959,14524,1
1010968,17925,1
1010975,18769,1
1010985,18762,1
1010993,13925,1
1011856,2874,1
1011858,17213,1
1012104,2834,1
1012110,11460,1
1012119,18755,1
1012129,14536,1
1012136,14536,1
1012145,14539,1
1012156,19138,1
1012165,2866,1
1012540,11458,1
1012559,2855,1
1012578,2857,1
1012601,2957,1
1012620,2884,1
1012640,2957,1
1012660,2865,1
1012678,2957,1
1012987,14522,1
1012997,18751,1
1013002,18751,1
1013008,18758,1
1013013,17064,1
1013020,18758,1
1013024,14536,1
1013031,14518,1
1013035,18751,1
1013040,14529,1
1013074,18759,1
1013104,17083,1
1013136,17074,1
1013172,17069,1
1013201,18751,1
1013228,19008,1
1013260,17083,1
1013287,18758,1
1013295,10833,1
1013774,2862,1
1013992,2859,1
1014002,2811,1
1014010,19142,1
1014021,14537,1
1014033,18742,1
1014043,11468,1
1014054,14533,1
1014066,17310,1
1014077,14524,1
1014088,17082,1
1014135,11460,1
1014164,14537,1
1014195,2851,1
1014219,14537,1
1014413,2874,1
1014419,18746,1
1014424,2957,1
1014431,17097,1
1014438,11458,1
1014442,18761,1
1014448,2957,1
1014453,17066,1
1014458,10833,1
1014460,17310,1
1014472,17095,1
1014474,17083,1
1014477,18746,1
1014487,17064,1
1014493,17925,1
1014500,17083,1
1014502,17924,1
1014506,17062,1
1014516,14524,1
1014520,18757,1
1014528,17083,1
1014535,18767,1
1014544,17086,1
1014546,18752,1
1014713,10853,1
1014719,11461,1
1014729,11460,1
1014738,14532,1
1014748,2851,1
1014757,11459,1
1014766,11461,1
1014777,2809,1
1014786,17079,1
1014796,11461,1
1014805,11461,1
1014833,19138,1
1014847,17064,1
1014861,17077,1
1014876,14522,1
1014886,17086,1
1015404,17213,1
1015561,10848,1
1015569,18755,1
1015576,10849,1
1015584,2957,1
1015591,11461,1
1015594,2957,1
1015601,14535,1
1015609,17213,1
1015617,2864,1
1015625,10849,1
1015630,2884,1
1015641,14522,1
1015644,18737,1
1015649,17076,1
1015654,14524,1
1015660,17067,1
1015666,17076,1
1015670,16057,1
1015676,17213,1
1015680,17064,1
1015686,2821,1
1015696,18750,1
1015700,2884,1
1015706,17385,1
1015710,19008,1
1015716,17084,1
1015720,19138,1
1015725,14521,1
1015730,18741,1
1015871,18763,1
1015885,18740,1
1015895,17064,1
1015903,17096,1
1015905,14527,1
1015907,18762,1
1015908,17092,1
1015912,14527,1
1015917,2866,1
1015919,18750,1
1015920,11468,1
1015923,2857,1
1015926,11465,1
1015929,10848,1
1015932,17096,1
1015935,2857,1
1015937,17083,1
1015940,19119,1
1015944,17083,1
1015947,2884,1
1015950,17083,1
1016199,18746,1
1016203,17095,1
1016209,14539,1
1016213,14533,1
1016239,19137,1
1016261,14533,1
1016285,19206,1
1016311,19119,1
1017080,17064,1
1017082,17076,1
1017083,10848,1
1017088,14537,1
1017091,17091,1
1017094,11465,1
1017097,17078,1
1017098,18756,1
1017101,17078,1
1017104,17096,1
1017107,2865,1
1017110,18742,1
1017112,18740,1
1017117,11461,1
1017119,17072,1
1017122,10848,1
1017123,14524,1
1017128,17213,1
1017131,13925,1
1017132,14522,1
1017136,17091,1
1017137,2957,1
1017140,17077,1
1017141,17061,1
1017213,18738,1
1017214,18738,1
1017216,17064,1
1017217,2851,1
1017220,14522,1
1017221,17083,1
1017224,17077,1
1017225,17091,1
1017228,14527,1
1017229,17213,1
1017231,17015,1
1017232,2957,1
1017235,11460,1
1017236,14535,1
1017240,17096,1
1017243,17064,1
1017244,2957,1
1017246,11460,1
1017247,2884,1
1017250,10848,1
1017251,18002,1
1017253,14535,1
1017254,17064,1
1017257,18752,1
1017258,17073,1
1017260,2832,1
1017280,10849,1
1018074,2834,1
1018080,2950,1
1018089,11460,1
1018094,2790,1
1018101,2874,1
1018109,2862,1
1018115,11458,1
1018121,2790,1
1018130,2859,1
1018137,2957,1
1018142,2857,1
1018148,14532,1
1018193,18768,1
1018201,17083,1
1018207,18768,1
1018212,18762,1
1018218,10853,1
1018223,18756,1
1018230,18770,1
1018234,18770,1
1018241,18748,1
1018246,14539,1
1018251,18000,1
1018258,18739,1
1018266,14536,1
1018268,14522,1
1018322,2866,1
1018326,10849,1
1018331,2857,1
1018336,2866,1
1018341,2857,1
1018346,2866,1
1018350,2857,1
1018355,2866,1
1018360,14536,1
1018396,11469,1
1018419,11469,1
1018425,17097,1
1018428,14522,1
1018431,17083,1
1018436,17097,1
1018439,17083,1
1018447,16057,1
1018451,14527,1
1018454,18762,1
1018457,17072,1
1018466,17095,1
1018470,17064,1
1018474,18744,1
1018642,11464,1
1018650,18740,1
1018658,17082,1
1018668,2855,1
1018677,17067,1
1018688,2866,1
1018696,2866,1
1018706,2809,1
1018714,14517,1
1018753,10833,1
1018781,18770,1
1018783,17385,1
1018784,18763,1
1018786,18761,1
1018788,17078,1
1018790,14522,1
1018792,17308,1
1018793,17923,1
1018795,17097,1
1018797,19137,1
1018799,18758,1
1018801,18760,1
1018802,18746,1
1018806,17064,1
1018807,18741,1
1018809,17014,1
1018811,17385,1
1018814,19206,1
1018815,17093,1
1018817,18000,1
1018819,18746,1
1018820,17086,1
1018822,18744,1
1018823,17086,1
1018825,18746,1
1018826,14540,1
1019192,17015,1
1019203,2834,1
1019214,17213,1
1019226,18752,1
1019238,17081,1
1019249,11458,1
1019260,17080,1
1019278,19142,1
1019281,18759,1
1019286,17091,1
1019290,18758,1
1019295,17015,1
1019299,18741,1
1019306,18756,1
1019310,14524,1
1019314,18754,1
1019319,14524,1
1019324,18758,1
1019352,17213,1
1019385,14522,1
1019388,19008,1
1019392,17083,1
1019397,17385,1
1019418,18743,1
1019419,14521,1
1019422,10833,1
1019423,17076,1
1019425,14527,1
1019427,10849,1
1019429,17083,1
1019430,2851,1
1019433,10833,1
1019436,17083,1
1019438,10851,1
1019440,17075,1
1019443,2851,1
1019444,2865,1
1019450,14522,1
1019451,17213,1
1019453,17213,1
1019454,2864,1
1019457,17088,1
1019459,17213,1
1019460,14526,1
1019463,14526,1
1019464,14535,1
1019466,18002,1
1019467,2851,1
1019468,17082,1
1019471,14527,1
1019539,17308,1
1019547,17308,1
1019555,18762,1
1019562,2851,1
1019571,17097,1
1019594,2957,1
1019610,17213,1
1019618,2855,1
1019623,2821,1
1019627,2821,1
1019632,2874,1
1019639,14535,1
1019640,14536,1
1019642,18758,1
1019646,18758,1
1019649,18758,1
1019654,17014,1
1019656,17061,1
1020057,18764,1
1020066,18758,1
1020075,17083,1
1020086,17084,1
1020094,18769,1
1020104,14539,1
1020111,18743,1
1020222,14524,1
1020223,17073,1
1020224,18761,1
1020225,14518,1
1020226,17064,1
1020227,14532,1
1020228,18755,1
1020229,10853,1
1020230,17077,1
1020231,17082,1
1020232,18746,1
1020233,17083,1
1020234,17088,1
1020235,14524,1
1020236,14517,1
1020237,18764,1
1020238,14527,1
1020239,14521,1
1020241,18770,1
1020242,17082,1
1020243,10853,1
1020244,18762,1
1020245,18753,1
1020246,18769,1
1020247,14529,1
1020248,17073,1
1020249,14529,1
1020250,14532,1
1020251,14533,1
1020252,18767,1
1020253,17082,1
1020254,10853,1
1020255,17088,1
1020256,17067,1
1020257,18765,1
1020258,10853,1
1020315,11464,1
1020316,2851,1
1020318,2865,1
1020322,10833,1
1020324,2821,1
1020329,2859,1
1020332,10848,1
1020337,2821,1
1020341,18002,1
1020344,2864,1
1020348,11469,1
1020350,2957,1
1020542,2862,1
1020543,2874,1
1020547,11467,1
1020548,2809,1
1020550,11166,1
1020552,10849,1
1020556,2865,1
1020559,10848,1
1020560,2790,1
1020562,2857,1
1020565,2874,1
1020566,2865,1
1021119,2957,1
1021122,10848,1
1021125,2832,1
1021132,18002,1
1021135,17213,1
1021138,11461,1
1021142,2957,1
1021146,11468,1
1021149,18002,1
1021151,14526,1
1021730,11464,1
1022019,14517,1
1022022,18742,1
1022025,18743,1
1022028,17097,1
1022030,2851,1
1022032,2809,1
1022034,2851,1
1022037,10849,1
1022039,11469,1
1022041,17213,1
1022048,14522,1
1022050,2851,1
1022052,2851,1
1022054,2957,1
1022059,2811,1
1022061,11469,1
1022069,2851,1
1022074,17064,1
1022075,18767,1
1022077,18758,1
1022078,2801,1
1022079,14527,1
1022081,18753,1
1022082,17093,1
1022083,18770,1
1022085,17093,1
1022086,14527,1
1022088,17090,1
1022089,14517,1
1022090,17091,1
1022092,17093,1
1022093,18756,1
1022094,18753,1
1022096,18753,1
1022097,18737,1
1022098,14527,1
1022100,18762,1
1022101,14538,1
1022103,18737,1
1022104,18767,1
1022105,17075,1
1022107,14538,1
1022108,18753,1
1022109,14527,1
1022111,17096,1
1022112,17083,1
1022113,17093,1
1022115,18762,1
1022116,18737,1
1022118,18741,1
1022119,17090,1
1022120,17095,1
1022122,19138,1
1022123,14527,1
1022124,17083,1
1022126,17091,1
1022127,17093,1
1022128,14522,1
1022130,18744,1
1022131,18737,1
1022133,19138,1
1022134,17064,1
1022135,17081,1
1022137,18762,1
1022138,18762,1
1022139,18738,1
1022141,17078,1
1022142,17080,1
1022143,17093,1
1024682,2957,1
1024802,17083,1
1024803,17062,1
1024804,17072,1
1024805,14527,1
1024806,14527,1
1024807,14527,1
1024808,17083,1
1024811,17067,1
1024812,18758,1
1024813,18746,1
1024814,17083,1
1024815,14524,1
1024817,17083,1
1024818,17083,1
1024821,17071,1
1024822,14539,1
1024823,14524,1
1024824,14527,1
1024826,18759,1
1024827,17083,1
1024828,17083,1
1024831,17083,1
1024832,17083,1
1024834,17074,1
1024835,17083,1
1024836,18737,1
1024837,17083,1
1024838,17065,1
1024841,17083,1
1024842,14527,1
1024843,14527,1
1024844,18748,1
1024845,18763,1
1024846,17924,1
1024847,17064,1
1024848,14529,1
1025073,11468,1
1025074,11468,1
1025478,11461,1
1025479,17213,1
1025480,2957,1
1025482,14527,1
1025483,14527,1
1025485,2821,1
1025486,14527,1
1025488,2865,1
1025489,11461,1
1025490,14527,1
1025492,2884,1
1025494,2957,1
1025495,2865,1
1025496,10849,1
1025498,11461,1
1025499,17213,1
1025500,2957,1
1025501,14527,1
1025504,18749,1
1025505,2857,1
1025507,11468,1
1025509,17924,1
1025510,17086,1
1025511,18743,1
1025512,14527,1
1025514,2865,1
1025515,14527,1
1025516,14527,1
1025517,10849,1
1025520,2865,1
1025521,17213,1
1025522,10848,1
1025524,18749,1
1025525,2957,1
1025526,11461,1
1025528,14527,1
1025530,2855,1
1025531,14523,1
1025532,11468,1
1025533,17083,1
1025566,17213,1
1025567,10851,1
1025568,11467,1
1025569,18002,1
1025570,2794,1
1025572,11468,1
1025573,11166,1
1025574,2790,1
1025575,2851,1
1025576,11461,1
1025577,2851,1
1025578,2866,1
1025764,2866,1
1025772,11465,1
1025815,11465,1
1025816,11466,1
1025817,11465,1
1025818,10848,1
1025819,11460,1
1025821,18748,1
1025823,2859,1
1025824,11465,1
1025825,2884,1
1025827,11464,1
1025828,11464,1
1025829,17385,1
1025836,17015,1
1025840,17078,1
1025844,14522,1
1025847,17083,1
1025851,18742,1
1025855,14521,1
1025859,14522,1
1025863,18746,1
1025867,17062,1
1025870,18764,1
1025874,18738,1
1025877,14538,1
1025881,18743,1
1025886,18738,1
1025889,18739,1
1025893,17309,1
1025897,18765,1
1025900,17015,1
1025904,17065,1
1025908,18769,1
1025913,17066,1
1025915,17082,1
1025917,17015,1
1025921,18763,1
1025924,19212,1
1025928,14524,1
1025931,17078,1
1025972,2865,1
1025973,11466,1
1025974,2857,1
1025975,10833,1
1025976,11466,1
1025977,2857,1
1025978,2865,1
1025979,2857,1
1025980,2859,1
1025981,2857,1
1025984,2859,1
1025985,2865,1
1025986,11466,1
1025987,10848,1
1025988,2857,1
1025989,2865,1
1025990,11466,1
1025991,11468,1
1025992,10833,1
1025993,2957,1
1025994,2857,1
1025999,14518,1
1026000,14527,1
1026001,17095,1
1026002,14527,1
1026003,18769,1
1026004,17925,1
1026005,17083,1
1026006,17063,1
1026007,14527,1
1026008,14527,1
1026010,14527,1
1026011,17086,1
1026012,17084,1
1026013,17069,1
1026014,17086,1
1026015,17086,1
1026016,14521,1
1026017,14527,1
1026018,14527,1
1026019,18769,1
1026020,2857,1
1026021,17086,1
1026069,11458,1
1026070,17075,1
1026071,18767,1
1026072,2864,1
1026073,2859,1
1026074,2859,1
1026075,17076,1
1026076,10642,1
1026077,18757,1
1026082,18741,1
1026084,18750,1
1026086,17074,1
1026088,17074,1
1026091,17074,1
1026094,10853,1
1026095,17074,1
1026097,18751,1
1026099,17067,1
1026102,18765,1
1026104,17924,1
1026106,17091,1
1026108,17087,1
1026111,18751,1
1026113,17074,1
1026115,18748,1
1026117,17074,1
1026118,17074,1
1026331,18754,1
1026332,18756,1
1026334,2864,1
1026337,11461,1
1026340,11461,1
1026344,11461,1
1026346,2862,1
1026348,11465,1
1026352,11461,1
1026354,11458,1
1026361,14522,1
1026362,18746,1
1026365,11459,1
1026366,17064,1
1026367,17077,1
1026371,17015,1
1026373,14539,1
1026376,17088,1
1026377,14518,1
1026378,18749,1
1026381,17084,1
1026383,18742,1
1026387,17084,1
1026388,18749,1
1026390,17077,1
1026392,18000,1
1026393,17097,1
1026398,18750,1
1026400,17084,1
1026401,18742,1
1026403,18741,1
1026405,17093,1
1026406,17078,1
1026456,2874,1
1026486,18740,1
1026488,18746,1
1026491,18757,1
1026494,10851,1
1026497,10849,1
1026500,14526,1
1026504,17067,1
1026508,2884,1
1026512,18742,1
1026515,2862,1
1026518,2811,1
1026521,14526,1
1026524,2862,1
1026533,17015,1
1026535,14527,1
1026539,14537,1
1026542,14527,1
1026545,14522,1
1026549,14527,1
1026553,17924,1
1026556,14527,1
1026558,18759,1
1026754,2866,1
1027006,14521,1
1027009,2862,1
1027010,2865,1
1027013,14536,1
1027014,2865,1
1027020,17094,1
1027022,18761,1
1027024,14524,1
1027027,14535,1
1027029,18756,1
1027031,19008,1
1027034,17078,1
1027038,17092,1
1027040,19138,1
1027043,17077,1
1027045,19138,1
1027047,19138,1
1027050,14526,1
1027052,2859,1
1027054,18750,1
1027056,18750,1
1027099,10851,1
1027103,10851,1
1027107,17308,1
1027110,2862,1
1027114,2862,1
1027118,2874,1
1027123,17082,1
1027127,2874,1
1027131,10853,1
1027133,10849,1
1027137,17083,1
1027138,17084,1
1027139,17083,1
1027140,17083,1
1027141,18768,1
1027142,17062,1
1027143,14522,1
1027145,14526,1
1027147,17083,1
1027149,11468,1
1027150,19008,1
1027151,17086,1
1027152,14524,1
1027153,14527,1
1027156,2834,1
1027157,14522,1
1027158,17083,1
1027161,14527,1
1027162,18000,1
1027163,14527,1
1027165,18746,1
1027166,17083,1
1027167,17086,1
1027168,17081,1
1027169,14527,1
1027170,17076,1
1027244,2957,1
1027246,17091,1
1027249,14526,1
1027250,2859,1
1027252,2859,1
1027255,2864,1
1027256,2857,1
1027258,17076,1
1027259,14531,1
1027262,2859,1
1027264,2864,1
1027265,17015,1
1027268,17082,1
1027269,14522,1
1027270,14524,1
1027271,17095,1
1027272,18747,1
1027273,17064,1
1027274,18753,1
1027278,18740,1
1027279,16057,1
1027280,19206,1
1027281,17310,1
1027282,18768,1
1027283,14524,1
1027284,18758,1
1027285,17065,1
1027293,10851,1
1027513,17083,1
1027516,14539,1
1027520,17088,1
1027525,14521,1
1027534,18770,1
1027543,10833,1
1027553,10833,1
1027563,17083,1
1027573,2834,1
1027582,18759,1
1027654,2859,1
1027655,18754,1
1027657,10848,1
1027659,2865,1
1027660,14526,1
1027662,2957,1
1027664,11460,1
1027666,2957,1
1027667,17310,1
1027669,10848,1
1027671,17213,1
1027673,2957,1
1027678,14527,1
1027680,17091,1
1027682,16057,1
1027685,18762,1
1027686,16057,1
1027688,11465,1
1027690,14527,1
1027691,18750,1
1027741,18764,1
1027745,11166,1
1027750,11460,1
1027755,17095,1
1027763,17309,1
1027765,19119,1
1027768,14522,1
1027772,18000,1
1027775,18769,1
1027778,18769,1
1027782,17309,1
1027788,2862,1
1027979,2809,1
1027981,17213,1
1027985,2809,1
1027988,2859,1
1027992,2874,1
1027995,17213,1
1027999,14524,1
1028003,2865,1
1028014,19138,1
1028016,18759,1
1028018,17067,1
1028021,17083,1
1028023,18737,1
1028026,17096,1
1028028,2832,1
1028031,11461,1
1028035,14524,1
1028038,18745,1
1028040,14536,1
1028043,18770,1
1028045,18739,1
1028048,2809,1
1028050,18746,1
1028108,17077,1
1028109,18769,1
1028112,2834,1
1028115,2834,1
1028117,17308,1
1028120,17064,1
1028125,18758,1
1028127,19137,1
1028129,17084,1
1028134,17385,1
1028136,14517,1
1028139,18766,1
1028144,2862,1
1028147,14527,1
1028149,18758,1
1028154,18745,1
1028156,14527,1
1028242,10851,1
1028245,11469,1
1028247,18740,1
1028250,10853,1
1028255,17213,1
1028259,2957,1
1028262,14531,1
1028270,18769,1
1028271,18750,1
1028272,17090,1
1028273,18750,1
1028274,17064,1
1028277,18754,1
1028278,18745,1
1028279,18752,1
1028280,19142,1
1028282,18756,1
1028285,18758,1
1028286,17073,1
1028288,17014,1
1028289,18740,1
1028290,17096,1
1028293,17097,1
1028295,14529,1
1028296,18755,1
1028297,17063,1
1028298,18753,1
1028301,10853,1
1028302,18758,1
1028303,16057,1
1028304,19119,1
1028520,2855,1
1028522,17082,1
1028524,13925,1
1028526,2865,1
1028527,2855,1
1028530,17071,1
1028531,17064,1
1028533,18750,1
1028535,17083,1
1028538,17083,1
1028539,18763,1
1028542,13924,1
1028546,18746,1
1028548,17067,1
1028551,13924,1
1028552,17091,1
1028556,17090,1
1028559,17083,1
1028561,18751,1
1028564,14527,1
1028565,17064,1
1028568,17063,1
1028609,18746,1
1028618,17091,1
1028625,17075,1
1028629,19137,1
1028641,17077,1
1028654,18758,1
1028666,18753,1
1028680,19137,1
1028692,11460,1
1028706,2790,1
1028721,14521,1
1028733,17083,1
1028746,11468,1
1028819,17014,1
1028826,14517,1
1028836,18739,1
1028838,17063,1
1028840,14536,1
1028842,14522,1
1028844,10833,1
1028846,19138,1
1028847,17073,1
1028850,18754,1
1028852,11459,1
1028854,17015,1
1028855,17064,1
1028858,18754,1
1028860,16057,1
1028861,18752,1
1028863,14527,1
1028866,18742,1
1028868,18738,1
1028869,14540,1
1028871,17097,1
1028874,18765,1
1028875,19212,1
1028877,18751,1
1028879,2851,1
1028880,14524,1
1028980,14526,1
1029058,18754,1
1029068,19206,1
1029071,18753,1
1029075,17062,1
1029082,18738,1
1029086,18762,1
1029093,19137,1
1029097,18740,1
1029104,18752,1
1029107,16057,1
1029114,19008,1
1029118,13925,1
1029125,14522,1
1029129,14519,1
1029136,18749,1
1029140,17062,1
1029261,18741,1
1029268,19008,1
1029277,18741,1
1029285,18753,1
1029293,18000,1
1029303,14539,1
1029311,18741,1
1029318,18745,1
1029378,17073,1
1029391,14531,1
1029397,17073,1
1029400,17083,1
1029406,17091,1
1029411,18759,1
1029416,14527,1
1029421,18749,1
1029426,18759,1
1029630,2884,1
1029636,11460,1
1029641,11469,1
1029644,10848,1
1029655,17088,1
1029686,17064,1
1029687,17083,1
1029688,18756,1
1029691,18739,1
1029692,17924,1
1029695,14540,1
1029698,17074,1
1029699,14522,1
1029700,18764,1
1029704,14518,1
1029706,17081,1
1029771,14531,1
1029775,2957,1
1029781,2957,1
1029787,2957,1
1029793,18755,1
1029799,14521,1
1029834,2866,1
1029838,17385,1
1029840,17075,1
1029843,17082,1
1029846,18752,1
1029848,17082,1
1029852,14527,1
1029855,17385,1
1029858,14527,1
1029862,18748,1
1029865,14527,1
1029869,14527,1
1029872,14527,1
1029874,18749,1
1029877,17087,1
1029880,17924,1
1029922,10833,1
1029925,18752,1
1029929,11461,1
1029933,11468,1
1029937,18002,1
1029940,17072,1
1029943,14518,1
1029979,14524,1
1029981,18740,1
1029983,18753,1
1029985,18750,1
1029986,17015,1
1030263,17077,1
1030275,18769,1
1030285,2855,1
1030295,18737,1
1030305,13925,1
1030314,17095,1
1030404,11468,1
1030417,14531,1
1030431,10851,1
1030446,14522,1
1030460,2957,1
1030477,14527,1
1030486,18767,1
1030493,17925,1
1030498,14522,1
1030505,18758,1
1030511,18758,1
1030518,14538,1
1030523,18770,1
1030530,14527,1
1030535,18737,1
1030542,11464,1
1030548,19138,1
1030628,19206,1
1030632,2855,1
1030634,2862,1
1030636,10848,1
1030639,11461,1
1030641,18745,1
1030644,18002,1
1030646,2957,1
1030648,2866,1
1030651,19212,1
1030653,11458,1
1030654,18002,1
1030658,14517,1
1030660,10848,1
1030662,14522,1
1030663,19119,1
1030666,17096,1
1030668,14524,1
1030670,17308,1
1030672,14524,1
1030676,18744,1
1030678,18766,1
1030680,19212,1
1030682,18752,1
1030686,14524,1
1030689,18758,1
1030691,14540,1
1030695,19119,1
1030697,18744,1
1030700,17076,1
1030704,14524,1
1030706,14522,1
1030708,18752,1
1030711,17088,1
1030714,17078,1
1030716,17095,1
1031664,14526,1
1031687,2874,1
1032981,2957,1
1032987,11468,1
1032994,2851,1
1033000,14540,1
1033006,11461,1
1033013,10849,1
1033019,11469,1
1033025,10849,1
1033032,17213,1
1033038,11166,1
1033043,17086,1
1033047,17078,1
1033050,18755,1
1033053,17073,1
1033057,17097,1
1033060,18757,1
1033066,17093,1
1033069,17083,1
1033074,18742,1
1033078,18742,1
1033083,17385,1
1033088,14540,1
1033091,17083,1
1033095,17073,1
1033098,17078,1
1033106,17073,1
1033109,17073,1
1033113,17385,1
1033116,14518,1
1033122,18769,1
1033126,17083,1
1033130,17083,1
1033134,17097,1
1033138,17015,1
1033143,17088,1
1033147,17087,1
1033150,17072,1
1033154,17385,1
1033232,10848,1
1033248,2957,1
1033264,2884,1
1033280,11459,1
1033296,18745,1
1033313,17076,1
1033420,2862,1
1033421,2862,1
1033423,10851,1
1033424,2874,1
1033426,2884,1
1033427,2874,1
1033429,10851,1
1033430,2821,1
1033432,10849,1
1033433,10848,1
1033435,2851,1
1033437,2859,1
1033438,2874,1
1033440,2874,1
1033441,2874,1
1033444,14518,1
1033445,2821,1
1033447,2874,1
1033448,11469,1
1033450,10851,1
1033452,11458,1
1033453,10851,1
1033455,17213,1
1033456,11468,1
1033458,11469,1
1033459,11468,1
1033461,10851,1
1033462,2809,1
1033464,11469,1
1033470,17310,1
1033471,18737,1
1033474,14522,1
1033476,18757,1
1033479,17080,1
1033481,17073,1
1033483,14537,1
1033487,17385,1
1033490,14537,1
1033493,17074,1
1033494,17083,1
1033497,17310,1
1033500,18757,1
1033503,18757,1
1033505,18742,1
1033508,18764,1
1033510,17924,1
1033513,17088,1
1033516,17080,1
1033517,18769,1
1033521,17310,1
1033524,17074,1
1033527,18743,1
1033528,18737,1
1033531,14537,1
1033533,18000,1
1033537,17924,1
1033540,18745,1
1033541,18747,1
1033544,17075,1
1033547,18741,1
1033550,17097,1
1033663,2832,1
1034453,2884,1
1034467,2865,1
1034482,2865,1
1034496,2865,1
1034511,2865,1
1034525,2874,1
1034541,2865,1
1034554,14526,1
1034569,2874,1
1034582,2865,1
1034597,2865,1
1034633,10642,1
1034675,14526,1
1034693,19137,1
1034699,17067,1
1034705,17067,1
1034710,17074,1
1034716,19142,1
1034720,14518,1
1034748,2834,1
1034765,14531,1
1034784,17309,1
1034802,18738,1
1034821,14531,1
1034972,18763,1
1034973,18743,1
1034974,17061,1
1034975,14517,1
1034976,17924,1
1034977,14527,1
1034978,17309,1
1034979,18000,1
1034980,17086,1
1034981,17083,1
1034982,18767,1
1034983,18740,1
1034984,14537,1
1034993,17074,1
1035003,18746,1
1035013,18770,1
1035968,11468,1
1035973,11468,1
1035978,2821,1
1035984,11461,1
1035989,11166,1
1035995,11166,1
1036001,14526,1
1036011,11469,1
1036015,2855,1
1036021,2865,1
1036027,2857,1
1036030,2821,1
1036045,18769,1
1036049,18769,1
1036052,18769,1
1036055,18769,1
1036059,18769,1
1036066,18769,1
1036071,18769,1
1036077,18769,1
1036082,18769,1
1036087,18769,1
1036095,18769,1
1036100,18769,1
1036105,18769,1
1036111,18769,1
1036116,18769,1
1036123,18769,1
1036128,18769,1
1036133,18737,1
1036138,18769,1
1036304,14526,1
1036305,14531,1
1036308,17213,1
1036309,17213,1
1036310,10849,1
1036314,10833,1
1036316,19450,1
1036318,14529,1
1036320,2884,1
1036321,10833,1
1036325,2864,1
1036327,18765,1
1036328,17097,1
1036331,14527,1
1036332,11461,1
1036337,10848,1
1036338,10833,1
1036339,2865,1
1036342,2864,1
1036343,2864,1
1036344,18002,1
1036550,14535,1
1036551,14527,1
1036552,17077,1
1036553,17097,1
1036554,14517,1
1036555,14527,1
1036557,18743,1
1036558,19138,1
1036559,14535,1
1036561,17083,1
1036563,14527,1
1036564,17083,1
1036565,17083,1
1036567,14527,1
1036568,18751,1
1036569,14535,1
1036570,17064,1
1036571,14535,1
1036572,14522,1
1036573,18740,1
1048025,11464,1
1050612,17081,1
1050835,18763,1
1051066,14531,1
1051283,18000,1
1051351,17093,1
1051398,10853,1
1051452,11166,1
1051504,11166,1
1051556,18763,1
1051604,17073,1
1051651,14535,1
1051703,17074,1
1051751,18000,1
1051803,2866,1
1051843,17073,1
1051882,18749,1
1051941,18763,1
1051994,18767,1
1052049,11458,1
1052100,14524,1
1052149,17078,1
1052201,17063,1
1052253,14535,1
1052307,18754,1
1052361,2834,1
1052395,14535,1
1052440,18767,1
1052492,2834,1
1053285,18739,1
1053412,2874,1
1053534,10642,1
1053663,2884,1
1053789,19142,1
1053929,14527,1
1054098,17067,1
1054271,18768,1
1054446,17083,1
1054619,11466,1
1054792,17083,1
1054965,14527,1
1055139,14538,1
1055314,17074,1
1055489,17074,1
1055661,17073,1
1055841,17083,1
1056013,17083,1
1056191,14519,1
1056365,18742,1
1056539,17074,1
1056714,19008,1
1056885,17083,1
1057058,17074,1
1057233,10853,1
1059490,17086,1
1059571,10848,1
1059655,18761,1
1059743,2811,1
1059840,17015,1
1059881,17093,1
1059921,11460,1
1059961,19137,1
1060006,18769,1
1060049,19137,1
1060094,18759,1
1060138,17064,1
1060181,19137,1
1060224,19137,1
1060269,17078,1
1060311,18747,1
1060351,18750,1
1061290,14523,1
1061505,18752,1
1061513,2865,1
1061562,14522,1
1061615,11465,1
1061668,11464,1
1061721,14523,1
1061771,14527,1
1061826,14527,1
1061879,2811,1
1061931,14527,1
1061983,18000,1
1062627,2811,1
1062669,14518,1
1062711,18739,1
1062748,18745,1
1062789,2811,1
1062828,17925,1
1062867,17088,1
1062905,2864,1
1062946,11166,1
1062984,14526,1
1063019,2811,1
1063030,14522,1
1063112,17094,1
1063199,18758,1
1063285,14522,1
1063375,18745,1
1063461,14539,1
1063544,2851,1
1063631,17083,1
1063714,18746,1
1063800,17080,1
1067686,2884,1
1068567,11468,1
1068669,18002,1
1068772,2857,1
1068872,2864,1
1069259,2864,1
1070001,11461,1
1070071,17073,1
1070140,11461,1
1070209,14540,1
1070273,14540,1
1070318,18753,1
1070357,14522,1
1070393,17925,1
1070430,17069,1
1070474,14540,1
1070510,17066,1
1070549,19137,1
1070589,18769,1
1070627,14540,1
1071421,11467,1
1071436,2794,1
1071450,2790,1
1071465,17097,1
1071478,11469,1
1071493,11468,1
1071508,14523,1
1071522,2851,1
1071539,2821,1
1071553,11467,1
1071567,2851,1
1071581,14526,1
1071597,14526,1
1071608,11468,1
1071622,11166,1
1071637,11469,1
1071650,2957,1
1071668,11469,1
1071681,2957,1
1071697,11468,1
1071710,2851,1
1071724,11469,1
1071737,17213,1
1071752,2821,1
1071764,18002,1
1071774,14526,1
1071808,14536,1
1071835,18759,1
1071864,17083,1
1071895,14527,1
1071922,17083,1
1071954,17075,1
1071982,18767,1
1072013,14527,1
1072038,14524,1
1074000,2957,1
1074028,2790,1
1074053,11166,1
1074080,2864,1
1074110,2957,1
1074131,2811,1
1074162,11166,1
1074186,10849,1
1074215,2811,1
1074244,2874,1
1074269,2874,1
1074295,17077,1
1074320,11459,1
1074336,17077,1
1074343,17081,1
1074351,18749,1
1074361,17087,1
1074369,17097,1
1074380,18765,1
1074391,17064,1
1074400,19450,1
1074407,14518,1
1074420,17091,1
1074429,14539,1
1074440,18740,1
1074452,18750,1
1074463,17083,1
1074474,19137,1
1074484,19451,1
1074492,17073,1
1074504,16057,1
1074511,14522,1
1074521,17087,1
1074531,18744,1
1074541,18747,1
1074550,18742,1
1074562,14518,1
1074571,17076,1
1074584,17075,1
1074594,19212,1
1074604,17088,1
1074612,18000,1
1074625,18750,1
1074635,18746,1
1074642,18757,1
1074652,17063,1
1074663,17095,1
1074675,18769,1
1074686,18761,1
1074693,17077,1
1074707,18764,1
1074717,18746,1
1074726,17015,1
1074737,18768,1
1074744,17923,1
1074756,18755,1
1074767,17094,1
1074775,18000,1
1075442,18751,1
1075523,2957,1
1075606,10833,1
1075691,17015,1
1075771,14521,1
1075852,10849,1
1075860,14526,1
1075884,17079,1
1075912,17097,1
1075938,17079,1
1075966,14527,1
1075998,14527,1
1076025,19138,1
1076053,2866,1
1076083,2851,1
1076112,17083,1
1076144,17081,1
1076173,14527,1
1076200,17308,1
1076229,14527,1
1077272,14531,1
1077368,17063,1
1077466,2859,1
1077558,2859,1
1077647,17076,1
1077787,17090,1
1077919,19137,1
1078053,17086,1
1078186,14538,1
1078316,19137,1
1078822,2857,1
1078985,2834,1
1081858,10848,1
1081926,2811,1
1082002,17095,1
1082076,2790,1
1082149,11166,1
1082224,17308,1
1082353,18740,1
1082376,18740,1
1082403,18757,1
1082422,17092,1
1082449,19206,1
1082473,17086,1
1082501,14522,1
1082523,17096,1
1082550,14523,1
1082570,18752,1
1082597,17094,1
1082619,18753,1
1082641,14537,1
1083303,18764,1
1083306,14527,1
1083372,14527,1
1083444,17094,1
1083514,18742,1
1083582,17094,1
1084101,17082,1
1084139,18759,1
1084178,17092,1
1084217,17078,1
1084254,13924,1
1084303,17086,1
1084312,14522,1
1084327,17078,1
1084343,17091,1
1084356,17091,1
1084369,18753,1
1084384,18754,1
1084398,18768,1
1084411,18750,1
1084428,19206,1
1084440,17385,1
1084453,18747,1
1084467,19206,1
1084482,14524,1
1086098,2859,1
1086731,10833,1
1086758,10851,1
1086781,11458,1
1086807,11458,1
1086830,11458,1
1086859,2811,1
1086885,2957,1
1086907,11458,1
1086933,11468,1
1086959,10833,1
1086985,11458,1
1087013,2809,1
1087037,11458,1
1087064,2884,1
1087100,19137,1
1087124,18748,1
1087149,14540,1
1087174,14527,1
1087202,14519,1
1087228,19142,1
1087254,14540,1
1087282,18769,1
1087308,14538,1
1087334,17079,1
1087359,14527,1
1087385,18762,1
1087411,2794,1
1087436,17096,1
1087459,18769,1
1088114,10848,1
1088813,18762,1
1088819,17069,1
1088829,17063,1
1088840,17925,1
1088851,14523,1
1088858,14538,1
1088872,17069,1
1088880,18754,1
1088891,17094,1
1088899,17069,1
1088910,17076,1
1088922,14523,1
1088934,14523,1
1088942,18748,1
1088953,14533,1
1088961,17061,1
1088972,17079,1
1088983,14537,1
1088990,18741,1
1089002,18739,1
1089014,18741,1
1089022,14537,1
1089034,18759,1
1089040,17014,1
1089051,17069,1
1089061,17086,1
1089070,17069,1
1089471,11468,1
1089497,10848,1
1089525,2957,1
1089557,11469,1
1089587,2957,1
1089619,2957,1
1089658,18000,1
1089726,14524,1
1089784,10848,1
1089842,14524,1
1089899,17078,1
1089967,18752,1
1090026,17081,1
1090086,18752,1
1093551,17213,1
1093567,17924,1
1093583,11459,1
1093599,17063,1
1093610,2851,1
1093628,11468,1
1093644,2851,1
1093655,2821,1
1093673,11166,1
1093678,18756,1
1093683,17310,1
1093688,17082,1
1093694,18765,1
1093699,17064,1
1093705,18766,1
1093712,14522,1
1093717,19451,1
1093726,14523,1
1093729,17093,1
1093737,17071,1
1093742,18764,1
1093748,18738,1
1093756,17084,1
1093760,19450,1
1093767,11468,1
1093774,17072,1
1093779,14523,1
1093788,14527,1
1093791,2857,1
1093798,18746,1
1093803,17308,1
1093807,17924,1
1093814,17088,1
1093817,18756,1
1093824,18751,1
1093829,17071,1
1093831,14527,1
1094171,17310,1
1094234,10642,1
1094303,11461,1
1094372,11461,1
1094465,18751,1
1094486,19137,1
1094510,18739,1
1094531,17074,1
1094559,14527,1
1094580,14522,1
1094602,18751,1
1094623,17309,1
1094642,18762,1
1095169,11461,1
1095212,11461,1
1095255,10642,1
1095310,18753,1
1095326,17086,1
1095345,17083,1
1095361,17083,1
1095377,18758,1
1095395,14519,1
1095414,17309,1
1095431,17067,1
1095448,18759,1
1095465,17066,1
1095480,18738,1
1095497,17067,1
1095507,18000,1
1096939,14527,1
1096944,2957,1
1096947,2859,1
1096952,10848,1
1096960,2809,1
1096966,2857,1
1096969,2859,1
1096977,10849,1
1096982,2855,1
1096990,2811,1
1096994,2874,1
1096997,2857,1
1097003,17213,1
1097010,11466,1
1097017,2811,1
1097021,11468,1
1097028,11466,1
1097032,10848,1
1097039,11466,1
1097043,2864,1
1097051,2859,1
1097056,10848,1
1097063,11459,1
1097066,2857,1
1097073,2957,1
1097078,2859,1
1097083,11461,1
1097090,2859,1
1097096,2864,1
1097101,17069,1
1097107,2864,1
1097114,2950,1
1097120,2859,1
1097126,2811,1
1097130,14526,1
1097136,2866,1
1097143,2859,1
1097148,2950,1
1097153,10833,1
1097157,14526,1
1097159,10848,1
1097175,2832,1
1097180,18764,1
1097187,18769,1
1097195,2790,1
1097204,17015,1
1097214,17082,1
1097223,19142,1
1097233,18761,1
1097242,19008,1
1097251,14538,1
1097257,17090,1
1097270,13924,1
1097277,18762,1
1097292,18745,1
1097299,11467,1
1097303,17015,1
1097316,18761,1
1097322,17067,1
1097335,17080,1
1097344,18749,1
1097353,18000,1
1097363,17066,1
1097374,18745,1
1097380,17069,1
1097392,19119,1
1097397,18761,1
1097869,18758,1
1097879,11467,1
1097891,17072,1
1097901,11465,1
1097914,14527,1
1097922,17087,1
1097933,19142,1
1097944,2855,1
1097953,11461,1
1097961,14526,1
1097974,17097,1
1098015,17923,1
1098057,14522,1
1098104,17093,1
1098147,17083,1
1098191,17086,1
1098235,17925,1
1098282,14527,1
1098326,18750,1
1098371,14522,1
1098412,18767,1
1099002,2821,1
1099053,10851,1
1099102,14524,1
1099144,19138,1
1099212,18765,1
1099271,17078,1
1099338,18752,1
1099400,17092,1
1099464,17086,1
1099524,18739,1
1099583,14522,1
1101463,2811,1
1101500,11459,1
1101540,11461,1
1101582,2864,1
1101620,19212,1
1101664,17072,1
1101701,10642,1
1101759,18769,1
1101762,18761,1
1101769,19137,1
1101778,18766,1
1101782,17072,1
1101794,17083,1
1101800,18761,1
1101807,18751,1
1101811,18763,1
1101823,19119,1
1101830,14518,1
1101838,14539,1
1101847,17015,1
1101854,11466,1
1101864,14527,1
1101871,18742,1
1102211,2950,1
1102242,11461,1
1102275,2957,1
1102311,10642,1
1102348,18758,1
1102407,18760,1
1102469,17061,1
1102532,2865,1
1102833,17093,1
1102848,19451,1
1102863,14518,1
1102877,17092,1
1102890,17093,1
1102902,18742,1
1102912,17074,1
1102926,17213,1
1102945,2957,1
1102968,2874,1
1102985,17086,1
1103004,18769,1
1103024,18753,1
1103043,10851,1
1103061,17091,1
1103082,11459,1
1103100,14522,1
1103118,11166,1
1103137,17091,1
1103155,18000,1
1103172,17074,1
1103194,11468,1
1103212,14519,1
1104430,11468,1
1104445,11460,1
1104964,17093,1
1105073,17015,1
1105095,17385,1
1105098,17064,1
1105106,11166,1
1105113,18738,1
1105123,14519,1
1105133,17067,1
1105140,14522,1
1105147,17097,1
1105153,17065,1
1105159,17065,1
1105168,10849,1
1105489,14538,1
1105566,18744,1
1105601,17385,1
1105639,17064,1
1105674,17096,1
1105689,17213,1
1105695,18756,1
1105702,18767,1
1105705,17087,1
1105709,19008,1
1105714,17065,1
1105717,14537,1
1106054,2957,1
1106059,17310,1
1106067,17073,1
1106070,2957,1
1106076,10642,1
1106081,14527,1
1106088,14519,1
1106094,2811,1
1106098,2811,1
1106103,17213,1
1106109,10642,1
1106115,17385,1
1106118,2957,1
1106151,17079,1
1106176,17074,1
1106199,17078,1
1106224,14519,1
1106246,19008,1
1106273,17015,1
1106296,18751,1
1106320,17080,1
1106344,18759,1
1106366,14519,1
1106387,14519,1
1107344,17213,1
1107375,17213,1
1107428,11458,1
1107445,14518,1
1107461,18767,1
1107476,18002,1
1107493,18002,1
1107508,11468,1
1107527,18000,1
1107539,14518,1
1107841,2859,1
1107849,11464,1
1107856,18753,1
1107865,2864,1
1107875,11461,1
1107883,10849,1
1107894,2855,1
1107902,2957,1
1107909,2855,1
1107919,2855,1
1107928,17077,1
1107936,11458,1
1107945,2859,1
1107951,11461,1
1107966,18759,1
1107979,18758,1
1107989,18753,1
1107997,19008,1
1108292,17084,1
1108306,17092,1
1108319,17061,1
1108333,17065,1
1108345,17072,1
1108360,11464,1
1108372,17081,1
1108386,18000,1
1108398,11464,1
1108410,18740,1
1108422,14539,1
1108431,17097,1
1108607,17069,1
1108613,18762,1
1108619,14522,1
1108627,14522,1
1108631,19138,1
1108640,18741,1
1108646,17074,1
1108652,17096,1
1108658,18746,1
1108665,18752,1
1108669,18762,1
1108677,19008,1
1108682,17069,1
1108688,18757,1
1108694,18763,1
1108700,18741,1
1108704,17063,1
1111935,2834,1
1111949,18754,1
1111963,17067,1
1111977,17090,1
1111990,17075,1
1112003,19212,1
1112016,11466,1
1112030,18757,1
1112038,18752,1
1112048,18767,1
1112057,18747,1
1112064,18741,1
1112073,17015,1
1112082,18737,1
1112092,19138,1
1112103,18747,1
1112112,18737,1
1112121,14526,1
1112130,17083,1
1112140,11461,1
1112149,17093,1
1112158,17083,1
1112166,17083,1
1112177,17067,1
1112187,10848,1
1112196,2862,1
1112206,17078,1
1112214,14519,1
1112223,17077,1
1112232,19119,1
1112240,18740,1
1112247,14521,1
1112328,11461,1
1112334,17308,1
1112343,11461,1
1112352,2855,1
1112361,17069,1
1112372,17088,1
1112381,2857,1
1112391,14522,1
1112400,17385,1
1112410,2950,1
1112420,2859,1
1112430,11461,1
1112445,14527,1
1112470,17083,1
1112499,2957,1
1112528,14527,1
1112558,17310,1
1112686,11166,1
1112690,11468,1
1112694,2857,1
1112696,11166,1
1112705,2859,1
1112710,14526,1
1112711,17213,1
1112714,19450,1
1112722,17213,1
1112725,18746,1
1112730,14531,1
1112732,14526,1
1112733,17213,1
1112747,18757,1
1112752,19142,1
1112757,14536,1
1112761,17308,1
1112765,17088,1
1112771,18751,1
1112777,18754,1
1112781,18759,1
1112786,14522,1
1112793,17078,1
1112797,2809,1
1112801,17310,1
1112807,18747,1
1112816,19212,1
1112819,19142,1
1112825,18757,1
1112829,17094,1
1112833,17064,1
1112840,19142,1
1112845,18737,1
1112851,17014,1
1112855,17077,1
1112861,17088,1
1112865,17925,1
1112869,19138,1
1112874,18769,1
1112878,14524,1
1112881,18761,1
1113548,2950,1
1113552,17091,1
1113555,18746,1
1113560,2834,1
1113567,2834,1
1113569,14524,1
1113574,2884,1
1113579,10853,1
1113583,11468,1
1113589,17097,1
1113593,17076,1
1113594,14524,1
1113600,14524,1
1113606,18750,1
1113610,17091,1
1113615,17095,1
1113618,17082,1
1113623,2809,1
1113628,11468,1
1113633,18742,1
1113635,18000,1
1113636,19008,1
1113748,17095,1
1113754,2834,1
1113761,18767,1
1113767,2874,1
1113775,2862,1
1113785,2790,1
1113791,14524,1
1113799,10833,1
1113919,18758,1
1113927,18742,1
1113936,14522,1
1113945,18751,1
1113953,18768,1
1113963,18742,1
1113972,14527,1
1113981,14527,1
1113989,14527,1
1113999,14527,1
1114009,18742,1
1114018,18753,1
1114165,2957,1
1114168,10833,1
1114174,17097,1
1114178,19008,1
1114182,2809,1
1114188,17074,1
1114192,10853,1
1114196,2855,1
1114203,14537,1
1114206,2957,1
1114209,2957,1
1114219,19206,1
1114224,18758,1
1114230,18000,1
1114235,17086,1
1114242,18740,1
1114245,17015,1
1114250,11459,1
1114254,18740,1
1114265,18753,1
1114269,19206,1
1114275,19206,1
1114280,19206,1
1114289,19206,1
1114292,17078,1
1114298,17067,1
1114302,17086,1
1114306,19137,1
1114702,11464,1
1114704,10849,1
1114707,14518,1
1114713,14524,1
1114717,17078,1
1114720,18763,1
1114723,18759,1
1114732,17078,1
1114740,10851,1
1114742,2865,1
1114821,2866,1
1114845,18743,1
1114850,14518,1
1114855,18740,1
1114858,17924,1
1114861,18740,1
1114864,19206,1
1114869,18761,1
1114872,17097,1
1114877,14532,1
1114884,17092,1
1114887,18769,1
1114890,17095,1
1114893,17075,1
1114898,17015,1
1114901,18740,1
1114906,14519,1
1114911,19137,1
1114914,17074,1
1114917,17925,1
1114920,18763,1
1114981,14540,1
1114990,18764,1
1115023,11466,1
1115056,11468,1
1115059,2851,1
1115063,18753,1
1115070,18740,1
1115074,18740,1
1115077,17082,1
1115081,17078,1
1115084,17078,1
1115091,17213,1
1115093,17083,1
1115099,14527,1
1115103,14527,1
1115109,19137,1
1115111,11166,1
1115116,18759,1
1115118,18753,1
1115123,2790,1
1115129,18753,1
1115130,14527,1
1115133,14527,1
1115134,18746,1
1115235,11459,1
1115241,18769,1
1115252,17076,1
1115259,11461,1
1115264,14522,1
1115273,17079,1
1115275,19138,1
1115280,18747,1
1115288,18766,1
1115294,18753,1
1115299,18000,1
1115306,18756,1
1115311,18746,1
1115319,18739,1
1115326,14533,1
1115331,14518,1
1115734,11469,1
1115737,17083,1
1115739,17014,1
1115740,14518,1
1115744,18002,1
1115746,18002,1
1115747,18751,1
1115750,17066,1
1115753,2957,1
1115754,11459,1
1115905,14529,1
1115910,14537,1
1115914,14540,1
1115919,17095,1
1115923,17014,1
1115928,19450,1
1115932,14518,1
1115936,18750,1
1115940,17084,1
1115945,17075,1
1115949,18745,1
1115954,14540,1
1115958,17925,1
1115964,19008,1
1115967,17925,1
1115972,17095,1
1115976,18742,1
1115979,18000,1
1116035,10833,1
1116039,11467,1
1116043,18761,1
1116047,11467,1
1116050,14526,1
1116054,17923,1
1116066,17083,1
1116078,18752,1
1116092,14527,1
1116110,18738,1
1116123,14527,1
1116191,2790,1
1116193,11468,1
1116195,2811,1
1116196,14526,1
1116201,11465,1
1116203,18744,1
1116207,11459,1
1116208,17064,1
1116210,11459,1
1116215,18000,1
1116217,2957,1
1116218,2950,1
1116220,18768,1
1116222,14526,1
1116223,2957,1
1116231,17082,1
1116239,17082,1
1116249,18758,1
1116259,14522,1
1116271,14522,1
1116284,17072,1
1116294,18758,1
1116305,18769,1
1116316,17083,1
1116332,11469,1
1116347,2851,1
1116746,11459,1
1116774,19212,1
1116800,2859,1
1116823,2859,1
1116849,19142,1
1116875,2859,1
1116882,18755,1
1116884,17066,1
1116889,18756,1
1116894,17097,1
1116897,17015,1
1116903,11459,1
1116908,17063,1
1116912,18755,1
1116915,18753,1
1116922,18746,1
1116927,17066,1
1116931,10853,1
1116935,10853,1
1116939,18756,1
1116944,18766,1
1116949,11468,1
1116954,10853,1
1117044,14540,1
1117052,18763,1
1117061,18746,1
1117071,17308,1
1117086,19212,1
1117089,18757,1
1117091,14540,1
1117096,14527,1
1117098,19142,1
1117104,17308,1
1117107,14527,1
1117109,18768,1
1117115,18752,1
1117117,18756,1
1117124,17086,1
1117128,17064,1
1117132,18758,1
1117136,17067,1
1117138,18769,1
1117141,17083,1
1117150,19142,1
1117153,18737,1
1117155,17082,1
1117158,18768,1
1117163,17065,1
1117166,18752,1
1117174,17072,1
1117176,17082,1
1117181,18757,1
1117183,18737,1
1117187,18758,1
1117193,10642,1
1117196,14519,1
1117200,10853,1
1117202,13924,1
1117205,17083,1
1117207,17064,1
1117333,10849,1
1117344,19142,1
1117354,2809,1
1117367,17015,1
1117377,10849,1
1117389,14531,1
1117400,2855,1
1117411,10851,1
1117421,10833,1
1117430,10848,1
1117433,17093,1
1117456,17076,1
1117481,19450,1
1117504,18000,1
1117530,14524,1
1117925,2862,1
1118027,10849,1
1118044,17213,1
1118064,14524,1
1118085,17385,1
1118103,10849,1
1118122,11466,1
1118141,2865,1
1118240,18757,1
1118242,17078,1
1118245,19137,1
1118248,18758,1
1118249,14532,1
1118253,18759,1
1118256,18739,1
1118260,18750,1
1118262,18738,1
1118265,18740,1
1118268,2950,1
1118269,17083,1
1118272,14522,1
1118275,18740,1
1118277,18757,1
1118282,18747,1
1118284,18758,1
1118285,18751,1
1118291,18739,1
1118292,18747,1
1118294,19138,1
1118298,17096,1
1118300,14537,1
1118301,18753,1
1118303,18753,1
1118418,2859,1
1118423,2859,1
1118429,2874,1
1118436,2811,1
1118441,10849,1
1118448,2874,1
1118454,10851,1
1118461,11464,1
1118467,10848,1
1118475,10849,1
1118481,11461,1
1118487,11458,1
1118493,2874,1
1118500,2865,1
1118505,11459,1
1118512,2790,1
1118517,10833,1
1118530,18759,1
1118535,17092,1
1118538,17083,1
1118543,17077,1
1118545,18748,1
1118552,18741,1
1118555,17077,1
1118561,14527,1
1118562,10853,1
1118565,18759,1
1118570,18749,1
1118574,17063,1
1118576,18746,1
1118578,17063,1
1118580,17095,1
1118584,17014,1
1118585,19137,1
1118694,17075,1
1118697,2821,1
1118700,19212,1
1118705,2821,1
1118708,10849,1
1118712,17079,1
1118715,11468,1
1118720,16057,1
1118723,2957,1
1118726,19206,1
1118729,2821,1
1118737,18750,1
1118741,17073,1
1118745,18757,1
1118750,14539,1
1118751,18757,1
1118756,18746,1
1118761,14529,1
1118763,19212,1
1118766,14524,1
1118771,18745,1
1118774,18742,1
1118777,17924,1
1118781,18764,1
1118784,18756,1
1118790,17081,1
1118794,18761,1
1118795,18744,1
1118799,14539,1
1118803,10853,1
1118808,14539,1
1118809,14532,1
1118814,14539,1
1118817,17924,1
1118821,17015,1
1118822,14539,1
1119317,14518,1
1119343,10849,1
1119366,11458,1
1119367,17213,1
1119437,18737,1
1119461,18746,1
1119482,18737,1
1119502,18737,1
1119573,14518,1
1119577,10642,1
1119582,10833,1
1119587,10833,1
1119592,2874,1
1119597,11458,1
1119602,14517,1
1119608,14531,1
1119612,11459,1
1119703,18753,1
1119705,19008,1
1119709,18756,1
1119712,19008,1
1119717,18768,1
1119720,18763,1
1119725,18768,1
1119727,14521,1
1119733,18766,1
1119737,18769,1
1119741,18766,1
1119747,18753,1
1119749,17091,1
1119754,18766,1
1119817,18765,1
1119820,18762,1
1119825,14527,1
1119830,17015,1
1119832,17082,1
1119837,17015,1
1119840,17083,1
1119844,14527,1
1119849,14527,1
1119853,17083,1
1119859,18000,1
1119863,18766,1
1119867,17067,1
1119871,17075,1
1120197,17014,1
1120201,18000,1
1120206,11461,1
1120209,17095,1
1120214,17096,1
1120220,10848,1
1120226,14522,1
1120233,18756,1
1120237,18753,1
1120243,17924,1
1120251,2855,1
1120258,17096,1
1120263,2864,1
1120268,18745,1
1120274,17084,1
1120281,2865,1
1120288,17924,1
1120293,2957,1
1120299,10849,1
1120304,11459,1
1120310,17066,1
1120315,17097,1
1120442,10849,1
1120447,14518,1
1120452,2857,1
1120455,2874,1
1120460,14522,1
1120463,18740,1
1120467,18763,1
1120471,17097,1
1120473,18763,1
1120474,11469,1
1121007,11467,1
1121034,11166,1
1121059,11468,1
1121086,17083,1
1121114,2857,1
1121157,19142,1
1121160,2862,1
1121162,14517,1
1121166,17083,1
1121170,17072,1
1121174,18741,1
1121179,2957,1
1121181,16057,1
1121187,17091,1
1121190,17072,1
1121194,18741,1
1121199,14537,1
1121204,18746,1
1121208,17087,1
1121212,17092,1
1121295,2957,1
1121296,11469,1
1121298,2859,1
1121302,2874,1
1121306,2957,1
1121310,2874,1
1121312,14531,1
1121316,17086,1
1121320,2874,1
1121324,18745,1
1121326,18747,1
1121332,2957,1
1121334,2957,1
1121338,2957,1
1121356,18739,1
1121374,17094,1
1121375,18754,1
1121376,19119,1
1121377,17015,1
1121378,17094,1
1121380,17097,1
1121381,18746,1
1121382,17078,1
1121383,18756,1
1121385,18750,1
1121386,17015,1
1121388,17086,1
1121389,18766,1
1121390,18740,1
1121391,14527,1
1121392,14527,1
1121393,18742,1
1121442,17082,1
1121447,18765,1
1121452,17091,1
1121469,14538,1
1121470,10642,1
1121474,18767,1
1121477,11460,1
1121478,19138,1
1121483,19206,1
1121484,19142,1
1121490,17064,1
1121491,19138,1
1121494,2866,1
1121496,11460,1
1121499,14524,1
1121503,18746,1
1121505,17078,1
1121507,17925,1
1121510,14538,1
1121512,2851,1
1121517,17064,1
1121520,11460,1
1121521,17086,1
1121527,14527,1
1121529,17076,1
1121532,19212,1
1121535,17083,1
1121536,10849,1
1121540,18767,1
1121541,14522,1
1121542,19451,1
1121565,17923,1
1121583,11468,1
1121850,19008,1
1121885,18756,1
1121920,17065,1
1121953,14536,1
1121988,14529,1
1122007,18761,1
1122008,2864,1
1122009,2957,1
1122010,2866,1
1122011,14526,1
1122012,14526,1
1122014,2857,1
1122015,11468,1
1122016,14526,1
1122017,2809,1
1122018,11459,1
1122019,17213,1
1122020,11468,1
1122021,11464,1
1122022,17077,1
1122025,19137,1
1122026,17924,1
1122027,18741,1
1122028,18768,1
1122030,17385,1
1122031,17072,1
1122032,18000,1
1122033,17095,1
1122035,18737,1
1122036,14536,1
1122037,18761,1
1122038,18000,1
1122040,18754,1
1122041,17065,1
1122042,14518,1
1122043,14518,1
1122044,18737,1
1122046,18761,1
1122047,17064,1
1122048,18000,1
1122049,18739,1
1122051,19450,1
1122052,17385,1
1122053,17095,1
1122054,17067,1
1122056,17095,1
1122057,17385,1
1122058,17064,1
1122059,18737,1
1122061,18739,1
1122062,18755,1
1122063,18754,1
1122064,14521,1
1122065,17066,1
1122067,18746,1
1122068,18760,1
1122069,18761,1
1122070,19137,1
1122072,18737,1
1122073,18764,1
1122074,18765,1
1122075,17067,1
1122077,14527,1
1122078,19142,1
1122079,18763,1
1122080,18753,1
1122082,17308,1
1122083,19008,1
1122084,18753,1
1122085,18750,1
1122086,18749,1
1122088,18738,1
1122089,18763,1
1122090,14522,1
1122091,18755,1
1122093,18767,1
1122094,17096,1
1122095,14540,1
1122096,19451,1
1122098,17924,1
1122099,18744,1
1122100,17082,1
1122101,18000,1
1122103,17095,1
1122104,17088,1
1122105,17076,1
1122106,18745,1
1122107,14529,1
1122109,17075,1
1122110,14524,1
1122111,14524,1
1122112,18743,1
1122114,17088,1
1122115,14518,1
1122116,17091,1
1122117,17064,1
1122119,18764,1
1122120,17064,1
1122121,19138,1
1122122,17076,1
1122124,17064,1
1122125,18746,1
1122126,17924,1
1122127,17073,1
1122128,17064,1
1122130,17087,1
1122131,18764,1
1122132,18770,1
1122133,18763,1
1122135,17073,1
1122136,17066,1
1122137,18769,1
1122138,18764,1
1122140,18755,1
1122141,14522,1
1122142,17015,1
1122143,16057,1
1122145,17925,1
1122146,17924,1
1122147,18737,1
1122148,17066,1
1122149,19119,1
1122151,14536,1
1122152,18750,1
1122153,17075,1
1122154,17066,1
1122156,18739,1
1122157,14518,1
1122158,17091,1
1122159,17088,1
1122161,17088,1
1122162,14538,1
1122163,18758,1
1122164,14517,1
1122166,18741,1
1122167,17064,1
1122168,17077,1
1122169,14521,1
1122170,18746,1
1122172,14540,1
1122173,17088,1
1122174,18739,1
1122175,17308,1
1122177,17308,1
1122178,18000,1
1122179,18765,1
1122180,17088,1
1122182,17065,1
1122183,19142,1
1122184,17075,1
1122185,14524,1
1122186,16057,1
1122187,11468,1
1122200,10849,1
1125448,14518,1
1125449,18761,1
1125450,18769,1
1125451,17083,1
1125453,19451,1
1125454,14518,1
1125455,18761,1
1125456,17923,1
1125458,17095,1
1125459,18765,1
1125460,18743,1
1125461,18752,1
1125462,17083,1
1125838,2862,1
1125858,17083,1
1125860,17083,1
1125862,18742,1
1125865,17073,1
1125867,18758,1
1125869,17086,1
1125871,14519,1
1125874,17073,1
1125876,14517,1
1125878,14531,1
1125880,17310,1
1125882,14523,1
1125883,11166,1
1125884,2851,1
1125885,2851,1
1125886,11166,1
1125887,11469,1
1125888,2957,1
1125889,2851,1
1125890,11166,1
1125891,10848,1
1125892,2857,1
1125893,2851,1
1125894,11461,1
1125895,11461,1
1125896,11166,1
1125897,2957,1
1125898,11466,1
1125899,2851,1
1125900,2851,1
1125902,11461,1
1125903,2957,1
1125904,11469,1
1125906,11461,1
1125907,2957,1
1125908,2957,1
1125909,10849,1
1125910,11166,1
1125911,11461,1
1125912,2957,1
1125913,2859,1
1125914,2874,1
1125915,10849,1
1125916,10848,1
1125917,2884,1
1125918,2851,1
1125919,2957,1
1125920,11461,1
1125921,2851,1
1125922,2874,1
1125923,11468,1
1125924,10642,1
1125925,2957,1
1125926,2874,1
1125927,2859,1
1125928,2957,1
1125929,10849,1
1125930,2857,1
1125931,2957,1
1125932,2874,1
1125933,11464,1
1125934,2865,1
1125935,11467,1
1125936,17087,1
1125937,17087,1
1125938,18753,1
1125939,17087,1
1125940,17083,1
1125941,18753,1
1125942,18753,1
1125943,18753,1
1125944,17925,1
1125945,18753,1
1125946,17087,1
1125947,17087,1
1125948,17087,1
1125949,17087,1
1125950,17087,1
1125951,18753,1
1125952,14517,1
1125953,17072,1
1125954,14523,1
1125955,14523,1
1125956,17083,1
1125957,17087,1
1125958,18751,1
1125959,18753,1
1125960,18756,1
1125961,18753,1
1125962,18753,1
1125963,14517,1
1125964,17087,1
1125965,14523,1
1125966,17083,1
1125967,18753,1
1125968,17087,1
1125969,17072,1
1125970,17087,1
1125988,2884,1
1125989,2884,1
1125991,17925,1
1125992,17082,1
1125993,18753,1
1125995,19137,1
1125996,18753,1
1125997,14519,1
1125999,18752,1
1126000,17072,1
1126001,18753,1
1126004,14529,1
1126005,18753,1
1126006,18770,1
1126008,18750,1
1126009,18753,1
1126011,18752,1
1126012,18765,1
1126013,18753,1
1126016,18753,1
1126017,14537,1
1126018,18753,1
1126020,14536,1
1126021,18753,1
1126022,14522,1
1126024,17096,1
1126025,18753,1
1126839,2874,1
1126868,10833,1
1126925,19212,1
1126931,17092,1
1126937,14532,1
1126943,18742,1
1126947,18768,1
1126953,17081,1
1126959,11465,1
1126964,2855,1
1126970,17925,1
1126976,17094,1
1126982,18750,1
1126988,14521,1
1126994,17072,1
1127000,17095,1
1127005,18739,1
1127012,2865,1
1127018,11465,1
1127031,17095,1
1127032,17073,1
1127033,16057,1
1127034,14522,1
1127035,14522,1
1127036,19142,1
1127037,17063,1
1127038,18739,1
1127039,16057,1
1127040,17063,1
1127041,17067,1
1127042,14538,1
1127043,18753,1
1127044,14522,1
1127045,14538,1
1127046,17067,1
1127048,14529,1
1127049,17064,1
1127050,2821,1
1127051,14538,1
1127053,17385,1
1127054,2874,1
1127055,17385,1
1127057,18000,1
1127058,14522,1
1127059,17083,1
1127060,18756,1
1127063,14538,1
1127064,17063,1
1127066,17385,1
1127068,18757,1
1127069,17083,1
1127070,17083,1
1127071,18766,1
1127143,2865,1
1127144,17309,1
1127145,18742,1
1127146,18746,1
1127148,11166,1
1127149,11465,1
1127150,2874,1
1127151,17308,1
1127153,13925,1
1127154,2862,1
1127155,11465,1
1127157,11468,1
1127158,17086,1
1127159,11465,1
1127160,11465,1
1127162,2874,1
1127163,14517,1
1127164,10833,1
1127166,2957,1
1127167,2957,1
1127168,17094,1
1127171,17064,1
1127172,14522,1
1127173,18759,1
1127174,14524,1
1127176,17095,1
1127177,17014,1
1127178,18750,1
1127180,18738,1
1127182,18753,1
1127183,18753,1
1127184,18739,1
1127187,14522,1
1127188,18759,1
1127189,14538,1
1127190,11464,1
1127192,18738,1
1127193,14527,1
1127194,14539,1
1127196,17083,1
1127197,14522,1
1127198,19206,1
1127266,17213,1
1127268,14522,1
1127269,13925,1
1127270,18768,1
1127271,19008,1
1127272,17084,1
1127273,17308,1
1127275,14522,1
1127276,17078,1
1127277,14522,1
1127278,17308,1
1127280,10853,1
1127281,17308,1
1127282,14522,1
1127283,17084,1
1127284,14524,1
1127522,18764,1
1127530,18000,1
1127538,17083,1
1127545,17088,1
1127547,17067,1
1127549,17078,1
1127551,14522,1
1127553,17078,1
1127630,17014,1
1127632,11465,1
1127633,14522,1
1127635,14538,1
1127637,14524,1
1127639,14524,1
1127641,18758,1
1127643,14539,1
1127658,18769,1
1127659,17309,1
1127661,18768,1
1127663,18769,1
1127665,17924,1
1127667,17091,1
1127669,19142,1
1127671,14517,1
1127673,14518,1
1127676,18769,1
1127677,18740,1
1127679,18757,1
1127681,18769,1
1127683,17063,1
1127685,18769,1
1127687,18759,1
1127689,17096,1
1127691,17086,1
1127694,18742,1
1127695,19142,1
1127697,18753,1
1127699,17095,1
1127701,17078,1
1128257,14522,1
1128258,14539,1
1128259,17087,1
1128261,14539,1
1128262,18741,1
1128263,18760,1
1128265,14521,1
1128266,13924,1
1128267,17072,1
1128269,18751,1
1128270,17923,1
1128272,14522,1
1128274,13924,1
1128275,14529,1
1128276,14539,1
1128278,18766,1
1128279,14537,1
1128280,17095,1
1128282,17923,1
1128283,17079,1
1128284,13924,1
1128794,14537,1
1128808,18737,1
1128822,14537,1
1128836,17082,1
1128849,19137,1
1128863,18743,1
1128877,17067,1
1128891,18761,1
1128905,19137,1
1128920,14522,1
1128934,19137,1
1128948,18743,1
1128962,17083,1
1128976,17083,1
1128990,18737,1
1129004,14522,1
1129018,14537,1
1129032,14537,1
1129045,18737,1
1129048,2859,1
1129049,11458,1
1129050,11459,1
1129051,2859,1
1129052,11460,1
1129053,11465,1
1129054,11468,1
1129055,2832,1
1129056,11468,1
1129057,11459,1
1129058,2851,1
1129059,10848,1
1129060,11468,1
1129061,2859,1
1129062,11458,1
1129063,11468,1
1129064,11468,1
1129065,10849,1
1129066,11469,1
1129067,2857,1
1129068,2832,1
1129069,2957,1
1129070,2857,1
1129071,2851,1
1129072,17213,1
1129073,2859,1
1129074,2832,1
1129075,2957,1
1129076,10851,1
1129077,2811,1
1129078,2957,1
1129079,14527,1
1129080,2957,1
1129081,2857,1
1129082,2851,1
1129084,2859,1
1129086,11459,1
1129087,2957,1
1129088,11460,1
1129089,11464,1
1129090,2855,1
1129091,2865,1
1129092,2851,1
1129093,11468,1
1129094,10851,1
1129095,2957,1
1129096,2865,1
1129097,11465,1
1129098,11166,1
1129099,2851,1
1129100,11459,1
1129101,11459,1
1129102,2832,1
1129103,11461,1
1129104,17076,1
1129105,14518,1
1129106,11461,1
1129107,2957,1
1129108,18002,1
1129109,2874,1
1129110,2859,1
1129111,10851,1
1129112,2832,1
1129113,11458,1
1129114,2851,1
1129115,11461,1
1129116,11461,1
1129117,11458,1
1129118,11461,1
1129119,10851,1
1129120,11461,1
1129121,10642,1
1129125,18767,1
1129128,18767,1
1129129,18767,1
1129131,18767,1
1129133,18767,1
1129136,17094,1
1129137,17067,1
1129138,17067,1
1130725,18002,1
1130836,17095,1
1130840,2884,1
1130846,2874,1
1130850,11468,1
1130853,14531,1
1130858,11461,1
1130864,2884,1
1130868,11465,1
1130872,11468,1
1130877,2874,1
1130881,11465,1
1130886,11465,1
1130891,17077,1
1130896,11465,1
1130900,11468,1
1130905,14531,1
1130908,18753,1
1130914,2832,1
1130919,11465,1
1130923,2862,1
1130929,11465,1
1130933,2809,1
1130938,2834,1
1130944,14518,1
1130948,14531,1
1130953,14531,1
1130958,17077,1
1130963,14522,1
1130968,11461,1
1130973,11465,1
1130976,11468,1
1130980,14531,1
1130985,2862,1
1130988,11465,1
1130992,2809,1
1131058,18737,1
1131059,18759,1
1131060,2862,1
1131061,18000,1
1131062,14523,1
1131064,19138,1
1131065,17077,1
1131066,19206,1
1131067,2862,1
1131069,14522,1
1131071,14536,1
1131072,14518,1
1131073,17077,1
1131074,14518,1
1131075,2862,1
1131077,2862,1
1131079,10853,1
1131080,17067,1
1131081,18759,1
1131082,14522,1
1131084,14524,1
1131085,18757,1
1131086,17078,1
1131087,18753,1
1131088,18759,1
1131091,17094,1
1131092,14518,1
1131093,18737,1
1131094,18756,1
1131095,14524,1
1131097,18746,1
1131098,18753,1
1131099,18753,1
1131101,14518,1
1131102,14522,1
1131104,19142,1
1131105,18753,1
1131106,18753,1
1131107,17082,1
1131108,18753,1
1131111,18740,1
1131112,18753,1
1131113,14518,1
1131114,18753,1
1131115,18753,1
1131117,18746,1
1131118,17310,1
1131119,18762,1
1131120,14540,1
1131146,14531,1
1131147,14531,1
1131149,14531,1
1131151,18762,1
1131154,14531,1
1131156,17082,1
1131176,17073,1
1131179,18767,1
1131180,17078,1
1131184,18758,1
1131188,18758,1
1131190,14522,1
1131192,17093,1
1131196,17093,1
1131198,18752,1
1131201,16057,1
1131205,17078,1
1131206,18756,1
1131209,19138,1
1131210,18752,1
1131214,10849,1
1131215,10849,1
1131217,10851,1
1131218,11468,1
1131219,11460,1
1131221,11468,1
1131224,2950,1
1131225,10849,1
1131226,2950,1
1131228,11468,1
1131229,10849,1
1131231,2862,1
1131232,2862,1
1131234,10849,1
1131235,14526,1
1131236,2862,1
1131237,11468,1
1131264,17072,1
1131265,14531,1
1131267,18000,1
1131269,14531,1
1131272,17084,1
1131276,14531,1
1131279,14531,1
1131281,14531,1
1131283,14531,1
1131290,11464,1
1131292,11464,1
1131293,11458,1
1131295,11464,1
1131299,11464,1
1131300,2874,1
1131302,2884,1
1131307,10851,1
1131311,11458,1
1131313,10851,1
1131314,2957,1
1131316,2862,1
1131319,11458,1
1131325,10851,1
1131326,11458,1
1131330,11464,1
1131332,2857,1
1131333,11464,1
1131335,11458,1
1131341,18752,1
1131342,14537,1
1131343,17090,1
1131344,18758,1
1131345,14522,1
1131346,17084,1
1131347,18752,1
1131348,14522,1
1131475,2862,1
1131591,2862,1
1131710,2862,1
1132089,2857,1
1132094,10848,1
1132101,14531,1
1132108,14531,1
1132115,2957,1
1132125,2857,1
1132133,14531,1
1132142,19704,1
1132150,14531,1
1132159,14531,1
1132164,2862,1
1132219,17093,1
1132220,2862,1
1132221,17091,1
1132222,18740,1
1132223,19137,1
1132224,19699,1
1132225,18765,1
1132226,17091,1
1132227,2862,1
1132229,19137,1
1132230,14522,1
1132231,19699,1
1132233,17093,1
1132234,17925,1
1132235,19699,1
1132236,14521,1
1132238,19138,1
1132239,17925,1
1132240,17923,1
1132241,17090,1
1132242,17310,1
1132243,18756,1
1132244,18740,1
1132245,2862,1
1132246,17091,1
1132267,14531,1
1132272,14531,1
1132280,14531,1
1132288,19704,1
1132298,14531,1
1132306,14531,1
1132331,2862,1
1132337,2862,1
1132359,14531,1
1132361,14531,1
1132363,14531,1
1132366,17074,1
1132372,14531,1
1132374,14531,1
1132378,17072,1
1132384,14531,1
1132386,14531,1
1132389,18753,1
1132414,19212,1
1132415,14522,1
1132416,2862,1
1132417,17066,1
1132418,14522,1
1132419,14522,1
1132420,2862,1
1132422,18746,1
1132423,18757,1
1132424,2874,1
1132425,14523,1
1132426,17066,1
1132427,17073,1
1132428,17075,1
1132429,18751,1
1132431,17097,1
1132432,14536,1
1132433,17066,1
1132434,2862,1
1132435,18749,1
1132436,18742,1
1132437,10851,1
1132438,17066,1
1132622,2862,1
1132635,2862,1
1132698,14531,1
1132708,14531,1
1132716,14531,1
1132725,14531,1
1132733,14531,1
1132743,14531,1
1132749,17073,1
1132755,18746,1
1132912,2862,1
1132914,17095,1
1132918,2862,1
1132922,2862,1
1132926,17066,1
1132965,14531,1
1132966,14531,1
1132967,14531,1
1132968,14531,1
1132969,18761,1
1132970,14531,1
1133041,2862,1
1133049,2862,1
1133054,2862,1
1133071,14522,1
1133083,19450,1
1133095,14522,1
1133884,2862,1
1133902,2862,1
1133969,14531,1
1133988,19699,1
1134008,14531,1
1134025,14531,1
1134186,11465,1
1134210,2862,1
1134237,2862,1
1134820,18761,1
1134823,18761,1
1134826,18746,1
1134831,18761,1
1134834,18761,1
1134841,19699,1
1134844,18746,1
1134849,18746,1
1134852,18746,1
1134926,2862,1
1134950,2862,1
1134976,11464,1
1135284,17065,1
1135337,14531,1
1135450,19699,1
1135646,14529,1
1135647,17308,1
